[
    {
        "field_id": "lineage",
        "type": "ordered_dict",
        "display_label": "Lineage",
        "display_boolean": true,
        "section_id": "tax",
        "order_in_section": 2
    },
    {
        "field_id": "num_proteins",
        "type": "int",
        "display_label": "Number of Proteins",
        "display_boolean": true,
        "section_id": "general",
        "order_in_section": 6
    },
    {
        "field_id": "privacy",
        "type": "string",
        "display_label": "Collection Type",
        "display_boolean": true,
        "section_id": "collection_info",
        "order_in_section": 2
    },
    {
        "field_id": "collection",
        "type": "string",
        "display_label": "Collection Name",
        "display_boolean": true,
        "section_id": "collection_info",
        "order_in_section": 1
    },
    {
        "field_id": "file_path",
        "type": "string",
        "display_label": "Path to File",
        "display_boolean": false,
        "section_id": "general",
        "order_in_section": -1
    },
    {
        "field_id": "intraspecies_name",
        "type": "string",
        "display_label": "Intraspecies Name",
        "display_boolean": true,
        "section_id": "general",
        "order_in_section": 3
    },
    {
        "field_id": "num_genes",
        "type": "int",
        "display_label": "Number of Genes",
        "display_boolean": true,
        "section_id": "general",
        "order_in_section": 5
    },
    {
        "field_id": "gc",
        "type": "float",
        "display_label": "G+C content(%)",
        "display_boolean": true,
        "section_id": "general",
        "order_in_section": 7
    },
    {
        "field_id": "assembly_acc",
        "type": "string",
        "display_label": "Assembly Accession",
        "display_boolean": true,
        "section_id": "general",
        "order_in_section": 1
    },
    {
        "field_id": "size",
        "type": "float",
        "display_label": "Genome Size (Mb)",
        "display_boolean": true,
        "section_id": "general",
        "order_in_section": 4
    },
    {
        "field_id": "species",
        "type": "string",
        "display_label": "Species",
        "display_boolean": true,
        "section_id": "general",
        "order_in_section": 2
    },
    {
        "field_id": "tax_id",
        "type": "string",
        "display_label": "Tax ID",
        "display_boolean": true,
        "section_id": "tax",
        "order_in_section": 1
    },
    {
        "field_id": "sample_id",
        "type": "string",
        "display_label": "Sample ID",
        "display_boolean": true,
        "section_id": "sample_info",
        "order_in_section": 1
    },
    {
        "field_id": "freezer_id",
        "type": "string",
        "display_label": "Freezer #",
        "display_boolean": true,
        "section_id": "sample_info",
        "order_in_section": 2
    },
    {
        "field_id": "box_id",
        "type": "string",
        "display_label": "Box ID",
        "display_boolean": true,
        "section_id": "sample_info",
        "order_in_section": 3
    },
    {
        "field_id": "row_col_id",
        "type": "string",
        "display_label": "Row/Col",
        "display_boolean": true,
        "section_id": "sample_info",
        "order_in_section": 4
    },
    {
        "field_id": "sample_date",
        "type": "string",
        "display_label": "Date Created",
        "display_boolean": true,
        "section_id": "sample_info",
        "order_in_section": 5
    },
    {
        "field_id": "source_id",
        "type": "string",
        "display_label": "Source ID",
        "display_boolean": true,
        "section_id": "sample_info",
        "order_in_section": 6
    },
    {
        "field_id": "derivative_ids",
        "type": "string",
        "display_label": "Derivative IDs",
        "display_boolean": true,
        "section_id": "sample_info",
        "order_in_section": 7
    }
]
