[
    {
        "section_id" : "tax",
        "section_label" : "Taxonomy",
        "section_boolean" : true,
        "section_order" : 4
    },
    {
        "section_id" : "general",
        "section_label" : "General Information",
        "section_boolean" : true,
        "section_order" : 1
    },
    {
        "section_id" : "collection_info",
        "section_label" : "Collection Information",
        "section_boolean" : true,
        "section_order" : 2
    },
    {
        "section_id" : "sample_info",
        "section_label" : "Sample Information",
        "section_boolean" : true,
        "section_order" : 3
    }
]
