[
    {
        "field_id": "lineage",
        "type": "ordered_dict",
        "display_label": "Lineage",
        "display_boolean": true,
        "section_id": "tax",
        "order_in_section": 2
    },
    {
        "field_id": "locus_tag",
        "type": "string",
        "display_label": "Locus Tag",
        "display_boolean": true,
        "section_id": "locus_info",
        "order_in_section": 7
    },
    {
        "field_id": "description",
        "type": "string",
        "display_label": "Description",
        "display_boolean": true,
        "section_id": "general",
        "order_in_section": 3
    },
    {
        "field_id": "collection",
        "type": "string",
        "display_label": "Collection Name",
        "display_boolean": true,
        "section_id": "collection_info",
        "order_in_section": 1
    },
    {
        "field_id": "privacy",
        "type": "string",
        "display_label": "Collection Type",
        "display_boolean": true,
        "section_id": "collection_info",
        "order_in_section": 2
    },
    {
        "field_id": "assembly_acc",
        "type": "string",
        "display_label": "Assembly Accession",
        "display_boolean": true,
        "section_id": "locus_info",
        "order_in_section": 1
    },
    {
        "field_id": "symbol",
        "type": "string",
        "display_label": "Gene Symbol",
        "display_boolean": true,
        "section_id": "general",
        "order_in_section": 2
    },
    {
        "field_id": "species",
        "type": "string",
        "display_label": "Species",
        "display_boolean": true,
        "section_id": "general",
        "order_in_section": 4
    },
    {
        "field_id": "tax_id",
        "type": "string",
        "display_label": "Tax ID",
        "display_boolean": true,
        "section_id": "tax",
        "order_in_section": 1
    },
    {
        "field_id": "length",
        "type": "int",
        "display_label": "Length (aa)",
        "display_boolean": true,
        "section_id": "general",
        "order_in_section": 5
    },
    {
        "field_id": "end_position",
        "type": "string",
        "display_label": "End Position",
        "display_boolean": true,
        "section_id": "locus_info",
        "order_in_section": 5
    },
    {
        "field_id": "start_position",
        "type": "string",
        "display_label": "End Position",
        "display_boolean": true,
        "section_id": "locus_info",
        "order_in_section": 4
    },
    {
        "field_id": "unique_id",
        "type": "string",
        "display_label": "Unique ID",
        "display_boolean": true,
        "section_id": "general",
        "order_in_section": 4
    },
    {
        "field_id": "genomic_accession",
        "type": "string",
        "display_label": "Sequence Accession",
        "display_boolean": true,
        "section_id": "locus_info",
        "order_in_section": 2
    },
    {
        "field_id": "sequence_type",
        "type": "string",
        "display_label": "Sequence Type",
        "display_boolean": true,
        "section_id": "locus_info",
        "order_in_section": 3
    },
    {
        "field_id": "strand",
        "type": "string",
        "display_label": "Strand",
        "display_boolean": true,
        "section_id": "locus_info",
        "order_in_section": 6
    }
]

